source,target,weight
"Abbot, Francis Ellingwood","Garrison, William Lloyd",2
"Abbott, Edward","Garrison, William Lloyd",1
"Abbott, Lyman","Garrison, William Lloyd",3
"Adam, William","Chapman, Maria Weston",1
"Adams, Charles P.","Garrison, William Lloyd",1
"Adams, F. G.","Garrison, William Lloyd",2
"Adams, Henry","Garrison, William Lloyd",1
"Adams, John Quincy",Cinque.,1
Addie.,"Weston, Anne Warren",1
"Aguilera, Francisco V.","Céspedes, Ramón.",1
"Albee, O. W.","Garrison, William Lloyd",1
"Albright, Arthur","Garrison, William Lloyd",4
"Albright, Rachel A.","Garrison, William Lloyd",1
"Alcott, Abba May","Garrison, William Lloyd",1
"Alden, Seth","May, Samuel",1
"Aldrich, J. M.","Chapman, Maria Weston",2
"Allen, Annie.","Chapman, Maria Weston",5
"Allen, Charles","Garrison, William Lloyd",1
"Allen, D. M.","Garrison, William Lloyd",1
"Allen, Ephraim W.","Garrison, William Lloyd",1
"Allen, Jacob H.","Garrison, William Lloyd",1
"Allen, Macon B.","Garrison, William Lloyd",1
"Allen, Nathaniel T.","Garrison, William Lloyd",3
"Allen, Otis","Garrison, William Lloyd",1
"Allen, Richard","Chapman, Maria Weston",4
"Allen, Richard","Garrison, William Lloyd",3
"Allen, Stafford.","Garrison, William Lloyd",1
"Allen, William G.","Garrison, William Lloyd",1
"Alset, George M.","Garrison, William Lloyd",1
"Ames, Charles Gordon","Garrison, William Lloyd",1
"Ammidon, Angelina.","Weston, Anne Warren",1
"Ammidon, Sylvia Ann.","Weston, Deborah",13
"Amos, J.","Garrison, William Lloyd",1
"Andrew, John A.","Garrison, William Lloyd",7
"Andrews, John.","Garrison, William Lloyd",1
"Andrews, Stephen Pearl","Garrison, William Lloyd",1
"Anthony, John Gould","Garrison, William Lloyd",1
"Anthony, Susan B.","Garrison, William Lloyd",13
"Antoine, Caesar Carpentier","Garrison, William Lloyd",1
"Appleton, Daniel Fuller","Garrison, William Lloyd",3
Appomattox,"Leigh, Benjamin Watkins",1
"Argyll, Elizabeth Georgiana Campbell","Chapman, Maria Weston",1
"Argyll, Elizabeth Georgiana Campbell","Garrison, William Lloyd",1
"Armistead, Wilson","Garrison, William Lloyd",1
"Armstrong, Frances.","Garrison, William Lloyd",2
"Armstrong, Frances.","May, Samuel",7
"Armstrong, George","May, Samuel",12
"Arnold, Elizabeth Rotch",Weston,3
"Arnold, Elizabeth Rotch","Weston, Caroline",2
"Arnold, Elizabeth Rotch","Weston, Deborah",2
"Arnold, Isaac Newton","Garrison, William Lloyd",1
"Arnold, Sarah Rotch.","Chapman, Maria Weston",1
"Arnoth, G. U.","Garrison, William Lloyd",1
"Arthington, Robert.","Garrison, William Lloyd",1
"Ashby, Jane.","Garrison, William Lloyd",6
"Ashley, James Mitchell","Garrison, William Lloyd",2
"Ashley, Thomas.","Garrison, William Lloyd",1
"Ashley, William.","Garrison, William Lloyd",3
"Ashmead, L. P.","Weston, Deborah",3
"Ashurst, W. H.","Garrison, William Lloyd",6
"Ashurst, William Henry.","Garrison, William Lloyd",5
"Assing, Ottilie.","Garrison, William Lloyd",2
"Atkinson, Edward","Garrison, William Lloyd",1
"Atkinson, William P.","Garrison, William Lloyd",1
"Babcock, Amory L.","Garrison, William Lloyd",1
"Babcock, William Gustavus","Garrison, William Lloyd",2
"Bacon, George Allen","Garrison, William Lloyd",1
"Bacon, Steuben T.","Garrison, William Lloyd",2
"Badger, Henry C.","Garrison, William Lloyd",1
"Bailey, John","Garrison, William Lloyd",1
"Bailey, William Shreve","Garrison, William Lloyd",1
"Baker, Edward L.","Chapman, Maria Weston",2
"Ball, Lucy M.","Weston, Anne Warren",1
"Ballou, Adin","Draper, Ebenezer Daggett",1
"Ballou, Adin","Garrison, William Lloyd",4
"Ballou, Adin","May, Samuel",1
"Bancroft, Aaron","May, Samuel",1
"Banks, Frederick Charles.","Garrison, William Lloyd",2
"Banks, Nathaniel Prentiss","Garrison, William Lloyd",1
"Barbour, John N.","Garrison, William Lloyd",1
"Barker, Joseph","Garrison, William Lloyd",7
"Barker, Thomas H.","Garrison, William Lloyd",25
"Barlow, Hablo.","Chapman, Maria Weston",1
"Barnaby, James.","Garrison, William Lloyd",1
"Barnes, Albert","Phillips, Wendell",1
"Barnet, James.","Garrison, William Lloyd",1
"Barney, Nathaniel.","Chapman, Maria Weston",3
"Barney, Nathaniel.","Garrison, William Lloyd",6
"Barney, Nathaniel.","Weston, Anne Warren",2
"Barrett, Samuel.","Garrison, William Lloyd",1
"Bartlett, E. H.","Garrison, William Lloyd",1
"Bartol, C. A.","Garrison, William Lloyd",3
"Battles, A.","Garrison, William Lloyd",5
"Beard, J. R.","Channing, William Ellery",1
"Bearse, Austin.","Bowditch, William I.",1
"Beattie, Robert.","Garrison, William Lloyd",1
"Beaufoy, Henry","Phillips, J.",1
"Becker, Lydia","Garrison, William Lloyd",1
"Beecher, Henry Ward","Garrison, William Lloyd",2
"Belcher, Edwin","Garrison, William Lloyd",1
"Benedict, Seth Williston","Nash, Daniel D.",1
"Benezet, Anthony","Ady, John",1
"Benezet, Anthony","Lofft, Capel",1
"Benezet, Anthony","Warburton, William",1
"Benson, George William","Benson, Henry Egbert",1
"Benson, George William","Garrison, William Lloyd",1
"Benson, Henry Egbert","Garrison, William Lloyd",1
"Bent, N. T.","Weston, Deborah",1
"Berlioux, Etienne Félix","Cooper, Joseph",1
"Berry, M. E.","Garrison, William Lloyd",1
"Bevan, Hannah M.","Chapman, Maria Weston",5
"Biggs, E. Ashurst.","Garrison, William Lloyd",2
"Biggs, Matilda Ashurst.","Garrison, William Lloyd",1
"Bird, F. W.","Garrison, William Lloyd",2
"Bird, Jerusha L.","Chapman, Maria Weston",2
"Bird, S.","Chapman, Maria Weston",1
"Bird, S. V.","Garrison, William Lloyd",1
"Birney, James Gillespie","Coffin, Joshua",2
"Birney, James Gillespie","Garrison, William Lloyd",1
"Birney, John.","Garrison, William Lloyd",1
"Bishop, Francis","Garrison, William Lloyd",5
"Blackwell, Antoinette Louisa Brown","Garrison, William Lloyd",2
"Blackwell, Henry Browne","Garrison, William Lloyd",7
"Blackwell, Henry Browne","Harwood, E.",1
"Blair, Montgomery","Garrison, William Lloyd",1
"Blanchard, George A.","Blanchard, Frances Ann Brown Sargent",1
"Bleby, Henry","Garrison, William Lloyd",4
"Blinn, Henry Clay","Garrison, William Lloyd",1
"Blumer, John George.","Garrison, William Lloyd",1
"Boker, George H.","Garrison, William Lloyd",1
"Bomen, John W.","Chapman, Maria Weston",1
"Bond, Hugh L.","Garrison, William Lloyd",1
"Borchardt, Louis","Garrison, William Lloyd",1
"Borchardt, M.","Garrison, William Lloyd",1
"Borden, Nathaniel B.","Garrison, William Lloyd",1
"Bourne, Theodore","Garrison, William Lloyd",6
"Bowden, William J.","Garrison, William Lloyd",1
"Bowditch, Henry I.","Garrison, William Lloyd",3
"Bowditch, Henry I.","Wallcut, Robert Folger",1
"Bowditch, Jonathan Ingersoll","Garrison, William Lloyd",1
"Bowditch, William I.","Garrison, William Lloyd",2
"Bowditch, William I.","May, Samuel",1
"Bowditch, William I.","Weston, Anne Warren",1
"Bowe, Obadiah Allen","Garrison, William Lloyd",1
"Bowles, Samuel","May, Samuel",1
"Bowring, John","Chapman, Maria Weston",1
"Boyce, Eliza.","Chapman, Maria Weston",2
"Boyle, James.","Garrison, William Lloyd",1
"Bradburn, George","Garrison, William Lloyd",1
"Bradford, Charlotte.",Weston,1
"Bradford, Charlotte.","Weston, Anne Warren",1
"Bradford, Claudius.","Chapman, Maria Weston",1
"Brady, Mary.","Chapman, Maria Weston",3
"Brady, Mary.","Garrison, William Lloyd",1
"Brainard, Charles H.","Garrison, William Lloyd",1
"Bramhall, Ann Rebecca.","Chapman, Maria Weston",1
"Bramhall, Ann Rebecca.",Weston,1
"Bramhall, Ann Rebecca.","Weston, Anne Warren",1
"Bramhall, Cornelius.","Chapman, Maria Weston",1
"Bramhall, Cornelius.","Garrison, William Lloyd",3
"Bratton, E. E.","Garrison, William Lloyd",1
"Brigham, Charles","Garrison, William Lloyd",1
"Bright, Jacob","Garrison, William Lloyd",1
"Brisbane, William Henry","Garrison, William Lloyd",1
"Brooke, Abraham.","Chapman, Maria Weston",3
"Brooke, Abraham.","Garrison, William Lloyd",3
"Brooks, George M.","Garrison, William Lloyd",1
"Brooks, Mary Merrick","Chapman, Maria Weston",11
"Brooks, Mary Merrick","Garrison, William Lloyd",2
"Brooks, Mary Merrick","May, Samuel",1
"Brooks, Mary Merrick","Weston, Anne Warren",2
"Brooks, Mary Merrick","Weston, Caroline",2
"Brown, A. P.","Garrison, William Lloyd",1
"Brown, Abel","Garrison, William Lloyd",2
"Brown, B. Gratz","Garrison, William Lloyd",1
"Brown, Henry Box","Stearns, Charles.",1
"Brown, Henry.","West, Edward.",1
"Brown, J. W.","May, Samuel",1
"Brown, James C.","Garrison, William Lloyd",1
"Brown, James.","Garrison, William Lloyd",1
"Brown, John","Garrison, William Lloyd",1
"Brown, Olympia","Garrison, William Lloyd",1
"Brown, Thomas H.","Garrison, William Lloyd",1
"Brown, William C.","Garrison, William Lloyd",1
"Brown, William Wells","Chapman, Maria Weston",1
"Brown, William Wells","Garrison, William Lloyd",1
"Brown, William Wells",Weston,1
"Browne, Lucinda B.","Chapman, Maria Weston",1
"Browne, Lucy A.","Chapman, Maria Weston",2
"Browne, Lucy.","Chapman, Maria Weston",4
"Browne, Martha Griffith","Chapman, Maria Weston",2
"Browne, Martha Griffith","Garrison, William Lloyd",2
"Browne, N.","Chapman, Maria Weston",1
"Bruck, William A.","Garrison, William Lloyd",1
"Buck, A. R.","Garrison, William Lloyd",1
"Buckley, John C.","Garrison, William Lloyd",5
"Buddington, Thomas Cushman","Buddington, H. A.",1
"Buell, Charles E.","Garrison, William Lloyd",1
"Buffum, James Needham","Chapman, Maria Weston",1
"Buffum, James Needham","Thompson, George",1
"Bullock, Alexander H.","Garrison, William Lloyd",1
"Bunsen, Christian Karl Josias","Thayer, C. C.",1
"Burleigh, Celia Burr.","Garrison, William Lloyd",1
"Burleigh, Charles C.","Garrison, William Lloyd",2
"Burleigh, Charles C.","Phillips, Wendell",1
"Burleigh, Cyrus Moses","Garrison, William Lloyd",1
"Burleigh, Cyrus Moses","May, Samuel",1
"Burleigh, Edward.","Garrison, William Lloyd",1
"Burleigh, Gertrude K.","Garrison, William Lloyd",1
"Burleigh, Gertrude K.","May, Samuel",2
"Burleigh, Lucian.","Chapman, Maria Weston",1
"Burleigh, Lucian.","Garrison, William Lloyd",1
"Burleigh, Margaret Jones.","Garrison, William Lloyd",1
"Burleigh, Margaret Jones.","Grew, Mary",1
"Burns, A. M.","Garrison, William Lloyd",1
"Burns, Anthony","Garrison, William Lloyd",1
"Burr, William Henry","Garrison, William Lloyd",1
"Burritt, Elihu","Garrison, William Lloyd",1
"Burroughs, James.","Garrison, William Lloyd",1
"Burrows, Thomas.","Garrison, William Lloyd",1
"Burton, Ella.","Garrison, William Lloyd",1
"Bush, Andrew M.","Garrison, William Lloyd",1
"Bush, George","Garrison, William Lloyd",1
"Buss, A. E.","Weston, Caroline",1
"Butler, Josephine Elizabeth Grey","Garrison, William Lloyd",10
"Butler, W. P.","Garrison, William Lloyd",1
"Butman, Sarah L.",Weston,1
"Buxton, Thomas Fowell","Buxton, Thomas Fowell",1
"Buxton, Thomas Fowell","Garrison, William Lloyd",2
"Buzacott, Aaron.","Sturge, Edmund",1
"Byrne, Susan.","Garrison, William Lloyd",1
"Cabot, Frederick Samuel","Chapman, Maria Weston",1
"Cabot, Frederick Samuel","Weston, Anne Warren",1
"Cabot, Frederick Samuel","Weston, Emma Forbes",1
"Cabot, Susan C.","Chapman, Maria Weston",4
"Cadwallader, Charles.","Garrison, William Lloyd",1
"Campbell, Alfred Gibbs.","Garrison, William Lloyd",1
"Campbell, Benjamin M.","Garrison, William Lloyd",1
"Capen, Nahum","Garrison, William Lloyd",1
"Capron, Eliab Wilkinson.","Garrison, William Lloyd",1
"Cardozo, T. W.","Garrison, William Lloyd",1
"Carleton, Edmund","Garrison, William Lloyd",1
"Carlile, James.","Garrison, William Lloyd",1
"Carlton, Harriette M.","Garrison, William Lloyd",2
Carolinian.,"Pringle, Edward J.",1
"Carpenter, Mary","Chapman, Maria Weston",13
"Carpenter, Mary","Garrison, William Lloyd",9
"Carpenter, Philip P.","Garrison, William Lloyd",8
"Carpenter, Russell Lant","May, Samuel",1
"Carter, H. W.","May, Samuel",2
"Carter, Robert","Garrison, William Lloyd",2
"Case, Truman.","Garrison, William Lloyd",1
"Cash, Mary Ann.","Chapman, Maria Weston",1
"Cavner, George W.","Garrison, William Lloyd",1
"Cawdrey, H.","Garrison, William Lloyd",1
"Cecearini, G.","Garrison, William Lloyd",1
"Cérisier, L.","Pétion, Alexandre",1
"Chace, Elizabeth Buffum","Chapman, Maria Weston",4
"Chace, Elizabeth Buffum","Garrison, William Lloyd",4
"Chace, Harvey.","Garrison, William Lloyd",1
"Chace, Lucy.","Weston, Lucia",1
"Chace, William M.","Garrison, William Lloyd",1
"Chace, William M.","Weston, Anne Warren",1
"Chamberlain, Alice Ingersoll.","Garrison, William Lloyd",1
"Chamberlain, Daniel Henry","Garrison, William Lloyd",5
"Chamerovzow, Louis Alexis.","Chapman, Maria Weston",1
"Chamerovzow, Louis Alexis.","Garrison, William Lloyd",6
"Chandler, John B.","Garrison, William Lloyd",1
"Chandler, Thomas","Garrison, William Lloyd",2
"Chandler, William E.","Garrison, William Lloyd",7
"Channing, W. H.","May, Samuel",2
"Channing, William Ellery","Garrison, William Lloyd",1
"Channing, William F.","Channing, William F.",1
"Channing, William F.","Garrison, William Lloyd",4
"Channing, William F.","Weston, Anne Warren",1
"Chapin, Henry","Garrison, William Lloyd",1
"Chapman, Ann Greene","Weston, Deborah",1
"Chapman, Edwin.","May, Samuel",2
"Chapman, Edwin.","Weston, Anne Warren",1
"Chapman, Elizabeth B.","May, Samuel",1
"Chapman, Henry Grafton","Chapman, Maria Weston",2
"Chapman, Henry Grafton","Weston, Anne Warren",1
"Chapman, Henry Grafton","Weston, Deborah",9
"Chapman, Maria Weston",Arnold,1
"Chapman, Maria Weston","Ball, Lucy M.",1
"Chapman, Maria Weston","Ball, Martha V.",1
"Chapman, Maria Weston","Bassett, William",1
"Chapman, Maria Weston","Benson, George William",1
"Chapman, Maria Weston","Borden, Nathaniel B.",1
"Chapman, Maria Weston","Channing, Walter",1
"Chapman, Maria Weston","Chapman, Henry Grafton",3
"Chapman, Maria Weston","Chapman, Maria Weston",4
"Chapman, Maria Weston","Child, David Lee",20
"Chapman, Maria Weston",Clarke,1
"Chapman, Maria Weston","Clarkson, Thomas",1
"Chapman, Maria Weston","Collins, John A.",1
"Chapman, Maria Weston","Cropper, Anne",1
"Chapman, Maria Weston","Davis, Edward Morris",1
"Chapman, Maria Weston","Dicey, Anne Greene Chapman",13
"Chapman, Maria Weston",E.G.A.,1
"Chapman, Maria Weston","Estlin, J. B.",18
"Chapman, Maria Weston","Estlin, Mary Anne",48
"Chapman, Maria Weston","French, Rodney",1
"Chapman, Maria Weston","Garrison, Francis Jackson",7
"Chapman, Maria Weston","Garrison, Helen Eliza",1
"Chapman, Maria Weston","Garrison, William Lloyd",51
"Chapman, Maria Weston","Gibbons, J. S.",1
"Chapman, Maria Weston","Grimké, Angelina Emily",1
"Chapman, Maria Weston","Harring, Harro",1
"Chapman, Maria Weston","Hinkly, Eugene B.",1
"Chapman, Maria Weston","Hunt, Sarah H.",1
"Chapman, Maria Weston","Jackson, Francis",4
"Chapman, Maria Weston",Jenny.,1
"Chapman, Maria Weston","Laugel, Auguste",1
"Chapman, Maria Weston","Laugel, Elizabeth Bates Chapman",12
"Chapman, Maria Weston","Laugel, Leonce",1
"Chapman, Maria Weston","Loring, Anna",1
"Chapman, Maria Weston","Loring, Louisa Gilman",3
"Chapman, Maria Weston","M'Kim, J. Miller",7
"Chapman, Maria Weston",Mary,1
"Chapman, Maria Weston","May, Samuel",18
"Chapman, Maria Weston","Michell, Emma",1
"Chapman, Maria Weston","Mott, Lucretia",1
"Chapman, Maria Weston","Nichol, Elizabeth Pease",34
"Chapman, Maria Weston","Osgood, James R.",1
"Chapman, Maria Weston","Parker, Mary S.",1
"Chapman, Maria Weston","Parker, Theodore",1
"Chapman, Maria Weston","Phelps, Amos A.",2
"Chapman, Maria Weston","Pillsbury, Parker",1
"Chapman, Maria Weston","Pugh, Sarah",1
"Chapman, Maria Weston","Purvis, Robert",2
"Chapman, Maria Weston","Quincy, Edmund",1
"Chapman, Maria Weston","Steinthal, S. Alfred",1
"Chapman, Maria Weston","Sumner, Charles",1
"Chapman, Maria Weston","Torrey, Charles T.",2
"Chapman, Maria Weston","Webb, Richard Davis",3
"Chapman, Maria Weston","Weston, Ann Bates",2
"Chapman, Maria Weston","Weston, Anne Warren",16
"Chapman, Maria Weston","Weston, Caroline",18
"Chapman, Maria Weston","Weston, Deborah",37
"Chapman, Maria Weston","Weston, Lucia",3
"Chapman, Maria Weston","Weston, Mary",2
"Chapman, Maria Weston","White, William Abijah",1
"Chapman, Maria Weston","Whitelegge, Rebecca",1
"Chapman, Maria Weston","Wilberforce, Samuel",1
"Chapman, Maria Weston","Wright, Elizur",2
"Chapman, Maria Weston","Wright, Henry Clarke",2
"Chapman, Mary Gray","Chapman, Maria Weston",7
"Chapman, Mary Gray","Garrison, William Lloyd",4
"Chapman, Mary Gray","May, Samuel",1
"Chapman, Mary Gray","Weston, Anne Warren",1
"Chapman, Mary Gray","Weston, Caroline",2
"Chapman, Mary Gray","Weston, Deborah",3
"Chapman, William R.","Chapman, Maria Weston",1
"Chase, B. A.","Garrison, William Lloyd",2
"Chase, Benjamin","Garrison, William Lloyd",2
"Chase, M. E.","Chapman, Maria Weston",2
"Cheever, George Barrell","Phillips, Wendell",1
"Cheever, George F.","Garrison, William Lloyd",1
"Cheever, Henry T.","Garrison, William Lloyd",1
"Cheney, Ednah Dow Littlehale","Garrison, William Lloyd",1
"Cheney, Ira.","Garrison, William Lloyd",1
"Chesson, F. W.","Chapman, Maria Weston",1
"Chesson, F. W.","Garrison, William Lloyd",14
"Chesson, F. W.","May, Samuel",1
"Child, David Lee","Chapman, Maria Weston",21
"Child, David Lee","Garrison, William Lloyd",5
"Child, David Lee","Palfrey, John Gorham",1
"Child, David Lee","Weston, Caroline",1
"Child, Lydia Maria","Whipple, Charles",1
Childs,"Garrison, William Lloyd",1
"Churchill, Elizabeth Kitredge","Garrison, William Lloyd",1
Cicero of the West.,"Garrison, William Lloyd",1
Citizen.,"Garrison, William Lloyd",1
"Claflin, Jehiel.","Garrison, William Lloyd",5
"Claflin, Jehiel.","May, Samuel",1
"Clapp, William Warland","Garrison, William Lloyd",3
"Clark, David H.","Garrison, William Lloyd",1
"Clark, Frederick.","Garrison, William Lloyd",1
"Clark, George W.","Garrison, William Lloyd",1
"Clark, Helen P. Bright.","Garrison, William Lloyd",4
"Clark, James.","Garrison, William Lloyd",1
"Clarke, Albert","Garrison, William Lloyd",1
"Clarke, Edward H.","Garrison, William Lloyd",1
"Clarke, Enos.","Garrison, William Lloyd",1
"Clarke, James Freeman","Chapman, Maria Weston",1
"Clarke, James Freeman","Garrison, William Lloyd",2
"Clarke, James Freeman","May, Samuel",1
"Clarke, James L.","Garrison, William Lloyd",1
"Clarke, Mary G.","Garrison, William Lloyd",2
"Clarke, William Travis","Garrison, William Lloyd",1
"Clarkson, Thomas","Denison, Charles Wheeler",1
"Clarkson, Thomas","Lofft, Capel",1
"Clarkson, Thomas","Sedgwick, Theodore",1
"Cleveland, Charles D.","Garrison, William Lloyd",2
"Coates, Edwin H.","Chapman, Maria Weston",9
"Coates, William.","Garrison, William Lloyd",1
"Cobb, Moses.","Garrison, William Lloyd",1
"Cobb, Samuel C.","Garrison, William Lloyd",4
"Cobb, William N.","Garrison, William Lloyd",1
"Cochin, Augustin","Garrison, William Lloyd",1
"Cochran, Euphemia.","Garrison, William Lloyd",1
"Coffin, Joshua","Garrison, William Lloyd",1
"Cogan, Sarah.","Chapman, Maria Weston",5
"Cogan, Sarah.","Garrison, William Lloyd",2
"Colburn, Lizzie S.","Weston, Deborah",1
"Colesworthy, D. C.","Garrison, William Lloyd",4
"Colfax, Richard H.","Bleakley, James T. M.",1
"Collings, Edward J.","Garrison, William Lloyd",1
"Collingswood, C. S.","Garrison, William Lloyd",1
"Collins, Eunice Messenger.","Chapman, Maria Weston",1
"Collins, John A.","Chapman, Maria Weston",8
"Collins, John A.","Garrison, William Lloyd",7
"Collins, John A.","May, Samuel",5
"Collins, John A.","Weston, Anne Warren",2
"Collins, John A.","Weston, Caroline",1
"Colman, Mary H.","Weston, Deborah",1
"Colthurst, John Bowen.","Garrison, William Lloyd",1
"Conway, M. F.","Garrison, William Lloyd",2
"Conway, Moncure Daniel","Garrison, William Lloyd",2
"Cookman, George G.","Coffin, Joshua",1
"Cooley, Aaron.","Garrison, William Lloyd",2
"Coombs, Edwin.","Garrison, William Lloyd",1
"Cooper, Joseph","Garrison, William Lloyd",5
"Coulter, J. H.","Garrison, William Lloyd",1
"Cowen, Joseph","Garrison, William Lloyd",1
"Cowing, Lucretia Ann","Weston, Anne Warren",1
"Cowing, Lucretia Ann","Weston, Caroline",2
"Cowing, Lucretia Ann","Weston, Deborah",3
"Cowings, Benjamin.","Garrison, William Lloyd",1
"Cox, Hannah Pierce","Garrison, William Lloyd",3
"Cox, Lydia Elizabeth","Garrison, William Lloyd",2
"Cox, Samuel H.","Douglass, Frederick",1
"Craft, William","May, Samuel",1
"Craft, William.","May, Samuel",1
"Crandal, William L.","Garrison, William Lloyd",3
"Crocker, Lucretia","Garrison, William Lloyd",1
"Cropper, Anne.","Chapman, Maria Weston",2
"Cropper, James","Stuart, Charles",1
"Crosfield, Eliza W.","Garrison, William Lloyd",3
"Crosfield, William.","Garrison, William Lloyd",3
"Crowl, Lyman.","Garrison, William Lloyd",1
"Crummell, Alexander","Reason, Charles L.",1
"Cummings, Amos.","Chapman, Maria Weston",1
"Cummins, Jos.","Chapman, Maria Weston",1
"Curtis, George William","Garrison, William Lloyd",1
"Curtis, Marian A.","Garrison, William Lloyd",1
"Curtis, Thomas.","Garrison, William Lloyd",1
"Cushing, Caleb","Garrison, William Lloyd",1
"Cutler, John B.","Garrison, William Lloyd",1
"Dana, Jonathan W.","Garrison, William Lloyd",1
"Danforth, C. B.","Garrison, William Lloyd",1
"Danielson, Joseph.","Garrison, William Lloyd",1
"Davies, Ebenezer","Garrison, William Lloyd",2
"Davis, Andrew Jackson","Garrison, William Lloyd",1
"Davis, Catherine DeWolf Dodge","Garrison, William Lloyd",1
"Davis, Charlotte.","Garrison, William Lloyd",1
"Davis, Edward Morris","Chapman, Maria Weston",28
"Davis, Edward Morris","Garrison, William Lloyd",7
"Davis, Edward Morris","Mott, James",1
"Davis, Edward Morris","Weston, Anne Warren",4
"Davis, James C.","May, Samuel",1
"Davis, Paulina W.","Chapman, Maria Weston",2
"Davis, Paulina W.","Garrison, William Lloyd",1
"Davis, Thomas","Garrison, William Lloyd",1
"Davison, Henry W.","Garrison, William Lloyd",1
"De Charms, Richard","Swedenborg, Emanuel",1
"DeGraw, Mary.","Garrison, William Lloyd",1
"Deland, W. L.","Chapman, Maria Weston",1
"Delany, Martin Robison","Garrison, William Lloyd",1
"Denison, Charles Wheeler","Chapman, Maria Weston",1
"Denison, Charles Wheeler","Denison, Charles Wheeler",1
"Denison, Charles Wheeler","Garrison, William Lloyd",7
"Dennis, Rodney.","Garrison, William Lloyd",1
"Denton, Elizabeth M. Foote.","Garrison, William Lloyd",1
"Dewey, Loring Daniel","Boyer, Jean Pierre",1
"Diaz, Abby Morton","Garrison, William Lloyd",1
"Dicey, Anne Greene Chapman","Garrison, William Lloyd",1
"Dick, John.","Garrison, William Lloyd",2
"Dickinson, Anna E.","Garrison, William Lloyd",2
"Dickson, Moses","Garrison, William Lloyd",1
"Dickson, William.","Garrison, William Lloyd",1
"Digby, J.","Garrison, William Lloyd",1
"Diggs, B. F.","Garrison, William Lloyd",1
"Dodge, J. C.","Garrison, William Lloyd",1
"Donaldson, Christian.","Garrison, William Lloyd",4
"Donaldson, Thomas.","Garrison, William Lloyd",1
"Doolittle, Alvan.","Garrison, William Lloyd",1
"Dorval, T. F. Dorvelas.","Garrison, William Lloyd",1
"Doughty, George.","Doughty, George.",1
"Doughty, George.","Garrison, William Lloyd",1
"Douglass, Frederick","Chapman, Maria Weston",4
"Douglass, Frederick","Garrison, William Lloyd",3
"Douglass, Frederick","Mallory, S. V. R.",1
"Douglass, Frederick","Weston, Anne Warren",1
"Dow, Frederick Neal","Garrison, William Lloyd",1
"Dow, Neal","Garrison, William Lloyd",7
"Downes, B. R.","Garrison, William Lloyd",1
"Downie, William.","Garrison, William Lloyd",1
"Downing, George T.","Garrison, William Lloyd",3
"Doy, John","May, Samuel",1
"Drake, Frances H.","Chapman, Maria Weston",10
"Drake, Frances H.","Garrison, William Lloyd",2
"Drake, Frances H.","Weston, Anne Warren",2
"Drake, Horatio N.","Garrison, William Lloyd",1
"Drake, Jonathan.","Chapman, Maria Weston",1
"Drew, Thomas.","Garrison, William Lloyd",2
"Drummond, James.","Garrison, William Lloyd",1
"Dubouchage, Gabriel",Dubouchage,1
"Dugdale, Joseph A.","Garrison, William Lloyd",9
"Dugdale, Ruth.","Garrison, William Lloyd",1
"Dumont, A.","Garrison, William Lloyd",1
"Dunlop, John.","Garrison, William Lloyd",1
"Dutton, David","Garrison, William Lloyd",1
"Dwarris, Fortunatus","Goulburn, Henry",1
"Dyer, Samuel.","Garrison, William Lloyd",1
"Earle, Lucy.","Chapman, Maria Weston",4
"Earle, Lucy.","Weston, Anne Warren",1
"Earle, Sarah Hussey","Chapman, Maria Weston",5
"Earle, Sarah Hussey","May, Sarah Russell",1
"Earle, Sarah Hussey","Weston, Anne Warren",1
"Earle, Thomas","Weston, Anne Warren",2
"Eastman, Samuel B.","Garrison, William Lloyd",1
"Eastman, Zebina","Garrison, William Lloyd",1
"Eddison, Eliza.","Chapman, Maria Weston",1
"Eddy, Eliza Frances Jackson Meriam","Garrison, William Lloyd",1
"Eddy, Mary B.","Weston, Anne Warren",1
"Eddy, Mary C.","Weston, Deborah",1
"Eddy, W.","Chapman, Maria Weston",1
"Eddy, W.","Weston, Anne Warren",1
"Edmond, Robert.","Garrison, William Lloyd",1
"Eliot, William Greenleaf","Garrison, William Lloyd",2
Elizabeth.,"Weston, Anne Warren",1
"Elmy, Benjamin Wolstenholme.","Garrison, William Lloyd",1
"Emerson, Gertrude F.","Weston, Deborah",1
"Emerson, John F.","Weston, Deborah",4
"Emerson, John.","Garrison, William Lloyd",1
"Emerson, Lidian Jackson","Garrison, William Lloyd",3
"Emerson, Ralph Waldo","Buckley, Arthur",1
"Endicott, William","Garrison, William Lloyd",3
"Ernst, A. H.","Garrison, William Lloyd",1
"Ernst, Sarah Otis","Garrison, William Lloyd",1
"Estcourt, John H.","Garrison, William Lloyd",1
"Estlin, J. B.","Chapman, Maria Weston",16
"Estlin, J. B.","Estlin, J. B.",1
"Estlin, J. B.","Estlin, Mary Anne",1
"Estlin, J. B.","Garrison, William Lloyd",3
"Estlin, J. B.","May, Samuel",40
"Estlin, J. B.",Weston,1
"Estlin, J. B.","Weston, Anne Warren",6
"Estlin, J. B.","Weston, Caroline",13
"Estlin, J. B.","Weston, Emma Forbes",7
"Estlin, Mary Anne","Chapman, Maria Weston",43
"Estlin, Mary Anne","Estlin, J. B.",1
"Estlin, Mary Anne","Garrison, William Lloyd",25
"Estlin, Mary Anne","May, Samuel",3
"Estlin, Mary Anne",Weston,5
"Estlin, Mary Anne","Weston, Anne Warren",17
"Estlin, Mary Anne","Weston, Caroline",21
"Estlin, Mary Anne","Weston, Deborah",1
"Estlin, Mary Anne","Weston, Emma Forbes",4
"Estwick, Samuel","Mansfield, William Murray",1
"Evans, A. R.","Garrison, William Lloyd",1
"Evans, Estwick","Garrison, William Lloyd",2
"Evans, Nathan.","Garrison, William Lloyd",2
"Everett, Joshua Titus","Garrison, William Lloyd",1
"Fairbank, Calvin","Garrison, William Lloyd",1
"Fairbanks, Asa","Garrison, William Lloyd",2
"Fairchild, Charles Grandison","Garrison, William Lloyd",1
"Fairchild, Edward Henry","Garrison, William Lloyd",2
"Fakryensh, M. E.","Garrison, William Lloyd",1
"Farmer, William.","Chapman, Maria Weston",2
"Farmer, William.","Garrison, William Lloyd",4
"Farnham, Eliza W.","Garrison, William Lloyd",1
"Farnsworth, Amos","Chapman, Maria Weston",5
"Farnsworth, Amos","Garrison, William Lloyd",1
"Farnsworth, Amos","Weston, Anne Warren",18
"Fayerweather, Sarah Ann Harris","Garrison, William Lloyd",1
"Fee, John Gregg","Garrison, William Lloyd",1
"Ferguson, Fergus","Garrison, William Lloyd",1
"Ferguson, Robert.","Chapman, Maria Weston",1
"Ferguson, Robert.","Garrison, William Lloyd",2
"Fessenden, Samuel","Garrison, William Lloyd",4
"Field, Cyrus W.","Garrison, William Lloyd",1
"Fields, Annie","Garrison, William Lloyd",4
"Fields, James Thomas","Garrison, William Lloyd",1
"Firth, Abraham","May, Samuel",1
"Fish, Benjamin.","Garrison, William Lloyd",2
"Fish, William Henry","Garrison, William Lloyd",5
"Fisk, John M.","May, Samuel",1
"Fitch, William H.","Garrison, William Lloyd",1
"Fitz, Charles F.","Garrison, William Lloyd",1
"Flanders, Martha G.","Garrison, William Lloyd",1
"Fleet, Mozart B.","Garrison, William Lloyd",1
"Fletcher, John.","Garrison, William Lloyd",1
"Flint, J. M.","Garrison, William Lloyd",1
"Folger, Robert H.","Garrison, William Lloyd",1
"Follen, Charles Christopher","Garrison, William Lloyd",1
"Follen, Eliza Lee Cabot","Chapman, Maria Weston",9
"Follen, Eliza Lee Cabot","Garrison, William Lloyd",1
"Follen, Eliza Lee Cabot","May, Samuel",1
"Follen, Eliza Lee Cabot","Weston, Anne Warren",4
"Foote, Hiram.","Garrison, William Lloyd",1
"Forbes, John Murray","Chapman, Maria Weston",3
"Forbes, John Murray","Garrison, William Lloyd",2
"Ford, Lewis","Garrison, William Lloyd",1
"Forman, J. G.","Garrison, William Lloyd",1
"Foss, A. T.","Garrison, William Lloyd",1
"Foster, Abby Kelley","Chapman, Maria Weston",25
"Foster, Abby Kelley","Garrison, Helen Eliza",2
"Foster, Abby Kelley","Garrison, William Lloyd",13
"Foster, Abby Kelley","Weston, Anne Warren",5
"Foster, Daniel","May, Samuel",2
"Foster, E. J.","Garrison, William Lloyd",1
"Foster, George.","Garrison, William Lloyd",1
"Foster, Horatio W.","Chapman, Maria Weston",1
"Foster, N. A.","Garrison, William Lloyd",1
"Foster, Rebeckah H.","Garrison, William Lloyd",1
"Foster, Stephen S.","Foster, Abby Kelley",1
"Foster, Stephen S.","Garrison, William Lloyd",1
"Foster, Stephen S.","May, Samuel",1
"Fowler, L. N.","Garrison, William Lloyd",1
"Fowler, Lydia F.","Garrison, William Lloyd",1
"Fox, Henry J.","Garrison, William Lloyd",1
"Fox, William","Crafton, William Bell.",1
"Fox, William","Hunt, Benjamin P.",1
"Freeland, Edward B.","Garrison, William Lloyd",1
"Frémont, John Charles","Garrison, William Lloyd",1
"French, John Robert","Garrison, William Lloyd",1
Friend of the Freedmen.,"Garrison, William Lloyd",1
"Frost, B.","Garrison, William Lloyd",1
"Frothingham, Frederick","Garrison, William Lloyd",2
"Frothingham, Octavius Brooks","Garrison, William Lloyd",1
"Frothingham, Octavius Brooks","May, Samuel",1
"Furness, William Henry","Garrison, William Lloyd",1
"Fyfe, Andrew.","Garrison, William Lloyd",1
"Gaël, A.","Garrison, William Lloyd",1
"Gage, Frances Dana","Garrison, William Lloyd",3
"Gale, Samuel","Garrison, William Lloyd",1
"Garland, C. T.","Garrison, William Lloyd",3
"Garretson, N. P.","Garrison, William Lloyd",1
"Garrett, Thomas","Garrison, William Lloyd",7
"Garrison, George A.","Garrison, William Lloyd",1
"Garrison, Helen Eliza","Garrison, William Lloyd",1
"Garrison, William Lloyd","Adams, F. G.",1
"Garrison, William Lloyd","Adams, J. S.",1
"Garrison, William Lloyd","Albright, Rachel A.",1
"Garrison, William Lloyd","Alger, William Rounseville",1
"Garrison, William Lloyd","Allen, Ephraim Williams",2
"Garrison, William Lloyd","Allen, Nathaniel T.",4
"Garrison, William Lloyd","Bartlett, E. F.",1
"Garrison, William Lloyd","Beattie, Robert.",1
"Garrison, William Lloyd","Beecher, Henry Ward",1
"Garrison, William Lloyd","Benson, Anna Elizabeth.",7
"Garrison, William Lloyd","Benson, George",3
"Garrison, William Lloyd","Benson, George William",77
"Garrison, William Lloyd","Benson, Henry Egbert",36
"Garrison, William Lloyd","Benson, J. C.",1
"Garrison, William Lloyd","Benson, Mary",5
"Garrison, William Lloyd","Benson, Sarah Thurber",5
"Garrison, William Lloyd","Blackwell, Henry Browne",1
"Garrison, William Lloyd","Bourne, Theodore",1
"Garrison, William Lloyd","Bowditch, William I.",2
"Garrison, William Lloyd","Boyce, James P.",1
"Garrison, William Lloyd","Bradburn, George",1
"Garrison, William Lloyd","Bramhall, Ann Rebecca",1
"Garrison, William Lloyd","Browne, Theodore",1
"Garrison, William Lloyd","Buffum, James Needham",1
"Garrison, William Lloyd",Bush,1
"Garrison, William Lloyd","Campbell, James",1
"Garrison, William Lloyd","Capron, Effingham Lawrence",1
"Garrison, William Lloyd","Carter, Joseph R.",1
"Garrison, William Lloyd",Chace,1
"Garrison, William Lloyd","Chace, William M.",1
"Garrison, William Lloyd","Channing, William Ellery",1
"Garrison, William Lloyd","Chapman, Henry Grafton",16
"Garrison, William Lloyd","Chapman, Maria Weston",18
"Garrison, William Lloyd","Child, David Lee",3
"Garrison, William Lloyd","Clarke, J. R.",1
"Garrison, William Lloyd","Clarkson, Catherine Buck",1
"Garrison, William Lloyd","Cobb, Samuel C.",1
"Garrison, William Lloyd","Collins, John A.",4
"Garrison, William Lloyd","Connor, Rowland",1
"Garrison, William Lloyd","Cooley, Aaron",2
"Garrison, William Lloyd","Corkran, Charles L.",1
"Garrison, William Lloyd","Cowen, Joseph",1
"Garrison, William Lloyd","Cowing, Cornelius",1
"Garrison, William Lloyd","Cox, Hannah Pierce",1
"Garrison, William Lloyd","Crandall, Prudence",1
"Garrison, William Lloyd","Davis, Edward Morris",2
"Garrison, William Lloyd","Dole, Ebenezer",4
"Garrison, William Lloyd","Douglass, S. M.",2
"Garrison, William Lloyd","Dresel, Anna Loring",1
"Garrison, William Lloyd","Drew, Thomas Bradford",1
"Garrison, William Lloyd","Eddy, Eliza Frances Jackson Meriam",2
"Garrison, William Lloyd","Estlin, J. B.",3
"Garrison, William Lloyd","Estlin, Mary Anne",6
"Garrison, William Lloyd","Farmer, John",1
"Garrison, William Lloyd","Farnsworth, Amos",2
"Garrison, William Lloyd","Farnsworth, Elizabeth",1
"Garrison, William Lloyd","Forbes, John Murray",1
"Garrison, William Lloyd","Foster, Abby Kelley",3
"Garrison, William Lloyd","Friend, Julia M.",1
"Garrison, William Lloyd","Gardner, Francis",1
"Garrison, William Lloyd","Garrison, Frances Maria Lloyd",1
"Garrison, William Lloyd","Garrison, Francis Jackson",27
"Garrison, William Lloyd","Garrison, Helen Eliza",240
"Garrison, William Lloyd","Garrison, James Holley",4
"Garrison, William Lloyd","Garrison, Lucy McKim",1
"Garrison, William Lloyd","Garrison, Wendell Phillips",108
"Garrison, William Lloyd","Garrison, William Lloyd",10
"Garrison, William Lloyd","Gates, Seth Merrill",1
"Garrison, William Lloyd","Goodell, William",1
"Garrison, William Lloyd","Grover, A. J.",1
"Garrison, William Lloyd","Guiney, Patrick R.",1
"Garrison, William Lloyd","Gunn, Marcus",1
"Garrison, William Lloyd","Hazeltine, Charles",1
"Garrison, William Lloyd","Higginson, Thomas Wentworth",1
"Garrison, William Lloyd","Hinckley, Isabella Mack",4
"Garrison, William Lloyd","Hines, Harry C.",1
"Garrison, William Lloyd","Hodgson, W. B.",1
"Garrison, William Lloyd","Holyoake, George Jacob",1
"Garrison, William Lloyd","Horton, Jacob",3
"Garrison, William Lloyd","Hovey, Charles F.",1
"Garrison, William Lloyd","Jackson, Francis",22
"Garrison, William Lloyd","Jackson, Phoebe",2
"Garrison, William Lloyd","Japhet, J. M.",1
"Garrison, William Lloyd","Jewett, John Punchard",1
"Garrison, William Lloyd","Jocelyn, Simeon Smith",1
"Garrison, William Lloyd","Johnson, Oliver",93
"Garrison, William Lloyd","Johnson, Samuel",1
"Garrison, William Lloyd","Johnston, N. R.",1
"Garrison, William Lloyd","Knapp, Isaac",6
"Garrison, William Lloyd","Lenox, John M.",1
"Garrison, William Lloyd","Loring, Louisa Gilman",7
"Garrison, William Lloyd","Love, Alfred H.",5
"Garrison, William Lloyd","Lundy, Benjamin",1
"Garrison, William Lloyd","M'Kim, J. Miller",20
"Garrison, William Lloyd","M'Kim, Sarah Allibone Speakman",1
"Garrison, William Lloyd","Mack, David",1
"Garrison, William Lloyd","Manning, Jacob M.",1
"Garrison, William Lloyd",Marshall,1
"Garrison, William Lloyd","Martineau, James",1
"Garrison, William Lloyd","Mawson, Elizabeth Swan",1
"Garrison, William Lloyd","Mawson, John",1
"Garrison, William Lloyd","May, Samuel",80
"Garrison, William Lloyd","May, Samuel J.",71
"Garrison, William Lloyd","Meriam, Eliza Frances",1
"Garrison, William Lloyd","Morgan, John",1
"Garrison, William Lloyd","Mott, James",1
"Garrison, William Lloyd","Nell, William C.",2
"Garrison, William Lloyd","Newell, Charlotte Lloyd",2
"Garrison, William Lloyd","Newhall, William",1
"Garrison, William Lloyd","Nichol, Elizabeth Pease",46
"Garrison, William Lloyd","Norton, John Treadwell",1
"Garrison, William Lloyd","Parker, Theodore",10
"Garrison, William Lloyd","Parker, Thomas",1
"Garrison, William Lloyd","Pease, Joseph",4
"Garrison, William Lloyd","Phelps, Amos A.",5
"Garrison, William Lloyd","Phillips, Wendell",2
"Garrison, William Lloyd","Pillsbury, Parker",1
"Garrison, William Lloyd","Pitman, Harriet Minot",1
"Garrison, William Lloyd","Potter, Thomas Bayley",1
"Garrison, William Lloyd","Potter, William J.",3
"Garrison, William Lloyd","Purvis, Robert",9
"Garrison, William Lloyd","Quincy, Edmund",3
"Garrison, William Lloyd","Rae, Robert",1
"Garrison, William Lloyd",RECIPIENT (PERSONAL NAME),2
"Garrison, William Lloyd","Redpath, James",1
"Garrison, William Lloyd","Ricketson, Joseph",3
"Garrison, William Lloyd","Robinson, George Dexter",1
"Garrison, William Lloyd","Ross, Alexander Milton",3
"Garrison, William Lloyd","Round, W. M. F.",1
"Garrison, William Lloyd","Ruffin, Josephine St. Pierre",1
"Garrison, William Lloyd","Sheehy, Michael J.",1
"Garrison, William Lloyd","Shepard, George",1
"Garrison, William Lloyd","Shipley, Thomas",1
"Garrison, William Lloyd","Smith, Ann Carroll Fitzhugh",1
"Garrison, William Lloyd","Smith, Gerrit",1
"Garrison, William Lloyd","Smith, Joshua Bowen",1
"Garrison, William Lloyd","Southard, Nathaniel",1
"Garrison, William Lloyd","Stacy, George W.",10
"Garrison, William Lloyd","Steinthal, S. Alfred",1
"Garrison, William Lloyd","Studwell, Edwin A.",1
"Garrison, William Lloyd","Sumner, Charles",2
"Garrison, William Lloyd","Sunderland, La Roy",2
"Garrison, William Lloyd","Thayer, Caroline Coddington",6
"Garrison, William Lloyd","Thompson, George",2
"Garrison, William Lloyd","Tilton, Theodore",2
"Garrison, William Lloyd","Todd, Francis",1
"Garrison, William Lloyd","Tredgold, John Harfield",1
"Garrison, William Lloyd","Villard, Fanny Garrison",84
"Garrison, William Lloyd","Villard, Henry",4
"Garrison, William Lloyd","Vincent, Lucy Chappell Cleare",1
"Garrison, William Lloyd","Wallcut, Robert Folger",1
"Garrison, William Lloyd","Webb, Richard Davis",14
"Garrison, William Lloyd","Wertz, Henry D.",1
"Garrison, William Lloyd","Weston, Anne Warren",9
"Garrison, William Lloyd","Weston, Caroline",3
"Garrison, William Lloyd","Weston, Deborah",2
"Garrison, William Lloyd","Wheeler, William Adolphus",1
"Garrison, William Lloyd","Whittier, John Greenleaf",5
"Garrison, William Lloyd","Wilson, Henry",1
"Garrison, William Lloyd","Winslow, Isaac",1
"Garrison, William Lloyd","Wright, Albert J.",1
"Garrison, William Lloyd","Wright, Henry Clarke",37
"Garrison, William Lloyd","Yerrinton, J. M. W.",7
"Garrison, William Lloyd","Yerrinton, James Brown",1
"Gates, Lucy.","Chapman, Maria Weston",1
"Gay, Sydney Howard","Garrison, William Lloyd",7
"Gay, Sydney Howard","May, Samuel",5
"Gazzam, Joseph M.","Garrison, William Lloyd",1
"Geoffroy Saint-Hilaire, Isidore","Chapman, Maria Weston",1
"Gibbons, Abby Hopper","Garrison, William Lloyd",1
"Gibbons, Abby Hopper","May, Samuel",1
"Gibbons, J. S.","Chapman, Maria Weston",1
"Gibbons, J. S.","Garrison, William Lloyd",10
"Gibbons, J. S.","Jackson, Francis",1
"Gibbons, J. S.","Weston, Caroline",1
"Gibbs, Leonard.","Garrison, William Lloyd",1
"Giddings, Joshua R.","Garrison, William Lloyd",7
"Giddings, Lura Maria","Garrison, William Lloyd",1
"Giddings, Lura Maria","May, Samuel",2
"Gilbert, Amos.","Garrison, William Lloyd",1
"Gilbert, Olive.","Truth, Sojourner",1
"Gilbert, Oliver C.","Garrison, William Lloyd",1
"Gilbert, Timothy","May, Samuel",1
"Gilmore, William R.2.","Garrison, William Lloyd",1
"Gledstone, James Paterson.","Garrison, William Lloyd",1
"Glover, T. W.","Garrison, William Lloyd",1
"Goddard, Delano A.","Garrison, William Lloyd",2
"Goff, H. N. K.","Garrison, William Lloyd",3
"Goodell, Lavinia.","Garrison, William Lloyd",1
"Goodell, William","Jackson, Francis",1
"Gore, John C.","Chapman, Maria Weston",1
"Gould, Reuben K.","Garrison, William Lloyd",1
"Gould, William E.","Garrison, William Lloyd",1
"Gowing, Richard.","Garrison, William Lloyd",1
"Grabord, Louis.","Garrison, William Lloyd",1
"Graham, Andrew J.","Garrison, William Lloyd",1
"Graham, Sylvester","Garrison, William Lloyd",1
"Grandey, George W.","Garrison, William Lloyd",2
"Grandin, David S.","Chapman, Maria Weston",1
"Grandin, David S.","Garrison, William Lloyd",2
"Grandin, David S.","May, Samuel",1
"Grandy, Moses","Thompson, George",1
"Greeley, Horace","Garrison, William Lloyd",1
"Green, William","Garrison, William Lloyd",3
"Greener, Richard Theodore","Garrison, William Lloyd",1
"Greenwood, Grace","Garrison, William Lloyd",1
"Greville, Robert Kaye","Garrison, William Lloyd",1
"Grew, Henry","Garrison, William Lloyd",1
"Grew, Henry","Jackson, Francis",1
"Grew, Mary","Chapman, Maria Weston",3
"Grew, Mary","Garrison, William Lloyd",16
"Grew, Mary","May, Samuel",1
"Grew, Mary",Weston,1
"Grew, Mary","Weston, Anne Warren",2
"Grew, William.","Garrison, William Lloyd",1
"Gridley, Fidelia S.","Chapman, Maria Weston",1
"Griffin, William P.","Chapman, Maria Weston",4
"Griffing, Josephine W.","Garrison, William Lloyd",1
"Griffiths, Julia","Garrison, William Lloyd",1
"Griffiths, Julia","Stowe, Harriet Beecher",1
"Griffiths, Julia","Weston, Anne Warren",1
"Grimké, Angelina Emily","Child, Lydia Maria",1
"Grimké, Angelina Emily","Weston, Anne Warren",4
"Grimké, Sarah Moore","Garrison, William Lloyd",4
"Grimké, Sarah Moore","Weston, Anne Warren",4
"Griswold, Howard.","Garrison, William Lloyd",1
"Griswold, Whiting","Garrison, William Lloyd",1
"Grosvenor, Cyrus Pitt","May, Samuel",1
"Grosvenor, Louisa.","Garrison, William Lloyd",1
"Grover, A. J.","Garrison, William Lloyd",3
"Guild, Mary M.","Garrison, William Lloyd",1
"Guiney, Patrick R.","Garrison, William Lloyd",1
"Gulland, James.","Garrison, William Lloyd",1
"Gunn, Lewis C.","Garrison, William Lloyd",1
"Gunn, Lewis C.","Weston, Anne Warren",1
"Gurley, Ralph Randolph","Garrison, William Lloyd",1
"Hager, Albert D.","Garrison, William Lloyd",1
"Hale, John P.","Weston, Caroline",1
"Hale, Susan","Chapman, Maria Weston",1
"Hall, Edward B.","May, Samuel",3
"Hall, Robert B.","Denison, Charles Wheeler",1
"Hall, Robert B.","Garrison, William Lloyd",2
"Hallock, N.","Garrison, William Lloyd",1
"Hamilton, Edward.","Garrison, William Lloyd",1
"Hamilton, John.","Garrison, William Lloyd",1
"Hammond, Charles Goodrich","Garrison, William Lloyd",1
"Hammond, Elisha Livermore","Garrison, William Lloyd",1
"Hanaford, Phebe A.","Garrison, William Lloyd",1
"Harlow, Thomas S.","Garrison, William Lloyd",1
"Harris, Edward","Garrison, William Lloyd",1
"Harris, Edward","Weston, Anne Warren",1
"Harris, George","Garrison, William Lloyd",1
"Haskell, A. L.","Chapman, Maria Weston",1
"Haskell, A. L.","Garrison, William Lloyd",1
"Haskell, William Garrison.","Garrison, William Lloyd",1
"Haskell, William O.","Garrison, William Lloyd",1
"Hassall, Robert.","Garrison, William Lloyd",1
"Hatch, Benjamin F.","Garrison, William Lloyd",1
"Haughton, James","Chapman, Maria Weston",4
"Haughton, James","Garrison, William Lloyd",2
"Haughton, James","May, Samuel",3
"Haughton, James","Webb, Richard Davis",1
"Haughton, Samuel.","Garrison, William Lloyd",2
"Haughton, Sarah C.","Chapman, Maria Weston",1
"Haven, Gilbert","Garrison, William Lloyd",1
"Hayden, Harriet W.","Chapman, Maria Weston",2
"Hayden, Harriet W.","Garrison, William Lloyd",1
"Hayden, Lewis","Chapman, Maria Weston",1
"Haynes, John C.","Garrison, William Lloyd",1
"Hayward, Susan W.","Chapman, Maria Weston",1
"Healy, Joseph","Garrison, William Lloyd",1
"Heaton, Nathan.","Garrison, William Lloyd",1
"Helper, Hinton Rowan","Garrison, William Lloyd",2
"Henderson, D. C.","Garrison, William Lloyd",1
"Henson, Josiah","Eliot, Samuel Atkins",1
"Herndon, William Henry","Garrison, William Lloyd",6
"Hesse, Augustus","Weston, Anne Warren",1
"Hesse, Augustus","Weston, Deborah",25
"Higgins, J. A.","Garrison, William Lloyd",1
"Higginson, Thomas Wentworth","Chapman, Maria Weston",1
"Higginson, Thomas Wentworth","Cole, Miriam M.",1
"Higginson, Thomas Wentworth","Garrison, William Lloyd",12
"Higginson, Thomas Wentworth","Weston, Anne Warren",2
"Hilditch, Sarah.","Chapman, Maria Weston",2
"Hildreth, Richard","Chapman, Maria Weston",1
"Hildreth, Richard","Weston, Caroline",2
"Hill, Alonzo","May, Samuel",1
"Hill, Frank Harrison","Garrison, William Lloyd",1
"Hill, Hamilton","Garrison, William Lloyd",2
"Hill, Hamilton Andrews","Garrison, William Lloyd",1
"Hill, Samuel L.","Garrison, William Lloyd",1
"Hills, William Henry.","Garrison, William Lloyd",1
"Hilton, John Telemachus","Garrison, William Lloyd",1
"Hilton, John.","Garrison, William Lloyd",1
"Hinckly, Francis.","Garrison, William Lloyd",1
"Hincks, H.",Weston,1
"Hinkley, M. C.","Garrison, William Lloyd",1
"Hinton, Richard J.","Garrison, William Lloyd",1
"Hitchcock, Jane Elizabeth","Chapman, Maria Weston",2
"Hoag, Enoch","Garrison, William Lloyd",1
"Hoar, E. R.","Garrison, William Lloyd",1
"Hoar, George Frisbie","Garrison, William Lloyd",2
"Hodges, Charles E.","Garrison, William Lloyd",2
"Hodgson, W. B.","Garrison, William Lloyd",1
"Hoey, James.","Cullen, Matthew.",1
"Holley, Sallie","Garrison, William Lloyd",1
"Holley, Sallie","Weston, Anne Warren",1
"Hollins, Annie Neill.","Garrison, William Lloyd",2
"Hollis, Mary Penniman","Garrison, William Lloyd",1
"Holly, Joseph C.","Garrison, William Lloyd",1
"Holyoake, George Jacob","Garrison, William Lloyd",1
"Hooper, Ellen Sturgis.","Chapman, Maria Weston",1
"Hopkins, Richard.","Garrison, William Lloyd",1
"Hopper, Anna M.","Chapman, Maria Weston",1
"Hopper, Edward","Garrison, William Lloyd",1
"Hopper, Isaac T.","Garrison, William Lloyd",5
"Hopper, John","Garrison, William Lloyd",1
"Hopper, Rosalie DeWolf.","Garrison, William Lloyd",2
"Horton, Jacob","Garrison, William Lloyd",1
"Horton, Martha A.","Garrison, William Lloyd",1
"Hoskin, John.","Garrison, William Lloyd",1
"Hossack, John","Garrison, William Lloyd",1
"Hovey, Charles F.","May, Samuel",1
"Howard, Charles H.","Garrison, William Lloyd",1
"Howard, Hope.","Plumley, Benjamin Rush",1
"Howe, S. G.","Chapman, Maria Weston",1
"Howe, S. G.","Weston, Anne Warren",2
"Howitt, Mary Botham","Chapman, Maria Weston",1
"Howland, Joseph A.","May, Samuel",2
"Howorth, Franklin.","May, Samuel",1
"Hughes, S. F.","Garrison, William Lloyd",1
"Huidekoper, Elizabeth G.","Garrison, William Lloyd",1
"Humphrey, Heman","Coffin, Joshua",1
"Hunt, Samuel","Garrison, William Lloyd",2
"Hunt, Seth.","Garrison, William Lloyd",1
"Hutson, W. Ferguson.","Garrison, William Lloyd",1
"Hutton, Joseph","May, Samuel",3
"Ingersoll, Henrietta Crosby.","Garrison, William Lloyd",1
"Jackson, Edmund","Garrison, William Lloyd",1
"Jackson, Francis","May, Samuel",5
"Jackson, George.","Garrison, William Lloyd",1
"Jacob, John J.","Weston, Anne Warren",1
"Jacobs, Louise.","Garrison, William Lloyd",1
"James, William.","Chapman, Maria Weston",2
"James, William.","Garrison, William Lloyd",2
"James, William.","May, Samuel",5
"Japhet, J. M.","Garrison, William Lloyd",1
"Jarvis, Lydia G.","Garrison, William Lloyd",1
"Jay, William","Sewall, Samuel E.",1
"Jay, William","Tappan, Lewis",1
"Jennings, Isabel.","Chapman, Maria Weston",12
"Jennings, Isabel.","Weston, Anne Warren",4
"Jennings, Jane.","Chapman, Maria Weston",5
"Johnson, Mary Ann White","Chapman, Maria Weston",2
"Johnson, Oliver","Chapman, Maria Weston",25
"Johnson, Oliver","Garrison, Francis Jackson",1
"Johnson, Oliver","Garrison, William Lloyd",30
"Johnson, Oliver","May, Samuel",9
"Johnson, Oliver","Weston, Caroline",1
"Johnson, Samuel","Garrison, William Lloyd",3
"Johnson, Samuel","Weston, Anne Warren",2
"Jones, Benjamin S.","Garrison, William Lloyd",1
"Jones, Benjamin Smith","Chapman, Maria Weston",2
"Jones, J. Elizabeth","Weston, Anne Warren",1
"Jones, Silva W.","Chapman, Maria Weston",1
"Jones, Silva W.","Weston, Anne Warren",1
"Joy, Charlotte Austin.","Chapman, Maria Weston",5
"Joy, Charlotte Austin.","Garrison, William Lloyd",1
"Kell, Edmund","May, Samuel",1
"Kenny, Mary P.","Chapman, Maria Weston",3
"Kenrick, John","Coffin, Joshua",1
"Kimber, Abby","Chapman, Maria Weston",1
"Kimber, Martha.","Weston, Anne Warren",1
"Knibb, William","Borthwick, P.",1
"Knight, Anne.","Chapman, Maria Weston",6
Ladies of Perth.,"Chapman, Maria Weston",1
"Lamartine, Alphonse de","Chapman, Maria Weston",1
"Landt, Margaret H.","Weston, Deborah",2
Latimer.,"Chapman, Maria Weston",1
"Laugel, Elizabeth Bates Chapman","Weston, Deborah",1
"Laugel, Elizabeth Bates Chapman","Weston, Emma Forbes",1
"Laugel, Leonce.","Weston, Deborah",1
"Lecomte, Floreska.","Chapman, Maria Weston",2
"Lewis, Edmonia.","Chapman, Maria Weston",3
"Lewis, Enoch.","Garrison, William Lloyd",2
"Lewis, Evan.","Coffin, Joshua",1
"Lewis, Jarvis.","Chapman, Maria Weston",1
"Lewis, Jarvis.","Garrison, William Lloyd",1
"Lewis, Seth.","Channing, William Ellery",1
"Lincoln, Elizabeth W.","Chapman, Maria Weston",1
"Linton, Mahlon B.","Garrison, William Lloyd",1
"Little, Sophia L.","Chapman, Maria Weston",1
"Livermore, Elizabeth A.","Chapman, Maria Weston",1
"Livermore, Mary Ashton Rice","Garrison, William Lloyd",1
"Locke, Jane E.","Chapman, Maria Weston",1
"Logan, William","Garrison, William Lloyd",1
"Longfellow, Samuel","Chapman, Maria Weston",1
"Longfellow, Samuel","Weston, Anne Warren",1
"Loring, Anna.","Chapman, Maria Weston",1
"Loring, Benjamin.","Chapman, Maria Weston",1
"Loring, C. W.","Weston, Anne Warren",1
"Loring, Ellis Gray","Chapman, Maria Weston",2
"Loring, Ellis Gray","Child, Lydia Maria",1
"Loring, Ellis Gray","Weston, Anne Warren",1
"Loring, Ellis Gray","Weston, Caroline",3
"Loring, Louisa Gilman","Chapman, Maria Weston",1
"Lothrop, Samuel Kirkland","May, Samuel",1
"Love, Alfred H.","Garrison, William Lloyd",2
"Lupton, Elizabeth.",Weston,1
"Lupton, Harriet.","Chapman, Maria Weston",1
"Lupton, Harriet.","Garrison, William Lloyd",1
"Lupton, Joseph.","Chapman, Maria Weston",4
"Lupton, Joseph.","Estlin, J. B.",1
"Lupton, Joseph.","Garrison, William Lloyd",3
"Lupton, Joseph.","May, Samuel",9
"Lyman, Theodore","Everett, Oliver",1
M. W. C.,"Phillips, Wendell",1
"M'Kim, J. Miller","Chapman, Maria Weston",21
"M'Kim, J. Miller","Garrison, William Lloyd",9
"M'Kim, J. Miller","Stearns, Geo. L.",1
"M'Kim, J. Miller",Weston,4
"M'Kim, J. Miller","Weston, Caroline",2
"Macaulay, Zachary","Denison, Charles Wheeler",1
"Macaulay, Zachary","Whitmorae, Wiiliam Wolryche",1
"Macmillan, Sarah N.","Weston, Anne Warren",1
"MacPhail, Jane M.","Weston, Anne Warren",2
"MacQueen, James","Hunt, Benjamin P.",1
"Macy, Aaron Cyrus.","Garrison, William Lloyd",1
"Madden, Richard Robert","Chapman, Maria Weston",1
"Magill, Edward H.","Garrison, William Lloyd",1
"Magill, Jonathan P.","Burleigh, Charles C.",1
"Magill, Jonathan P.","Garrison, William Lloyd",1
"Mandell, Abby Osgood","Chapman, Maria Weston",1
"Mandell, Abby Osgood","Weston, Deborah",1
"Mannix, Mary.","Chapman, Maria Weston",1
"Marsh, R. V.","Garrison, William Lloyd",1
"Marshall, Emma","Chapman, Maria Weston",1
"Marshall, Theodoria.","Garrison, William Lloyd",1
"Martin, Henry William","Sikes, Thomas",1
"Martineau, Harriet","Garrison, William Lloyd",2
"Martineau, Robert F.","Garrison, William Lloyd",1
"Massie, Isabella.",Weston,1
"Massie, Isabella.","Weston, Caroline",1
"Mawson, Elizabeth Swan.","Garrison, William Lloyd",2
"Mawson, John","Garrison, William Lloyd",2
"May, Abby W.","Chapman, Maria Weston",1
"May, Abby W.",Weston,1
"May, Elizabeth G.","Ford, Worthington Chauncey",2
"May, Mary Goddard","Chapman, Maria Weston",1
"May, Samuel","Armstrong, George",1
"May, Samuel","Brown, J.",1
"May, Samuel","Burleigh, Charles C.",46
"May, Samuel","Carpenter, Mary",19
"May, Samuel","Carter, H. W.",1
"May, Samuel","Channing, W. H.",1
"May, Samuel","Chapman, Maria Weston",23
"May, Samuel","Davis, George T.",1
"May, Samuel","Estlin, J. B.",41
"May, Samuel","Foster, Daniel",4
"May, Samuel","Gannett, Ezra S.",1
"May, Samuel","Garrison, William Lloyd",20
"May, Samuel","Gibbons, Abby Hopper",1
"May, Samuel","Hall, Edward B.",3
"May, Samuel","Howland, Joseph A.",1
"May, Samuel","Hudson, Charles",2
"May, Samuel","Hutton, Joseph",1
"May, Samuel","Jackson, Francis",1
"May, Samuel","Longfellow, Henry Wadsworth",1
"May, Samuel","Lothrop, Samuel Kirkland",1
"May, Samuel","M'Kim, J. Miller",1
"May, Samuel","Martineau, James",1
"May, Samuel","May, Adeline",1
"May, Samuel","May, Samuel",7
"May, Samuel","May, Samuel J.",4
"May, Samuel","Peabody, Andrew P.",1
"May, Samuel","Phillips, Wendell",2
"May, Samuel","Steinthal, S. Alfred",1
"May, Samuel","Webb, Hannah",1
"May, Samuel","Webb, Richard Davis",138
"May, Samuel",Weston,18
"May, Samuel","Weston, Anne Warren",24
"May, Samuel","Weston, Caroline",2
"May, Samuel","Weston, Deborah",1
"May, Samuel","Wigham, Eliza",1
"May, Samuel J.","Chapman, Maria Weston",13
"May, Samuel J.","Garrison, William Lloyd",2
"May, Samuel J.","Mann, Horace",1
"May, Samuel J.","May, Samuel",2
"May, Samuel J.","May, Samuel J.",1
"May, Samuel J.","Weston, Caroline",1
"May, Sarah Russell","Chapman, Maria Weston",2
"May, Sarah Russell","Garrison, William Lloyd",1
"May, Sarah Russell",Weston,1
"May, Sarah Russell","Weston, Anne Warren",2
"May, Sarah Russell","Weston, Deborah",1
"Mazzini, Giuseppe","Armstrong, George",1
"McFadden, Albert.","Garrison, William Lloyd",1
"McLaren, Priscilla Bright","Garrison, William Lloyd",1
"Metford, Jane E.","Garrison, William Lloyd",1
"Michell, Emma.","Chapman, Maria Weston",6
"Michell, Emma.",Weston,3
"Michell, Emma.","Weston, Anne Warren",3
"Michell, Emma.","Weston, Caroline",1
"Miles, Mary E. Russell.","Chapman, Maria Weston",2
"Milford, George Washington.","Garrison, William Lloyd",1
"Milnes, Richard Monckton","Garrison, William Lloyd",1
"Mitchell, Emma.","Weston, Anne Warren",1
"Moore, Frank","Garrison, William Lloyd",1
"Moore, Rebecca.","Garrison, William Lloyd",2
Moran,"Garrison, William Lloyd",1
"Morison, John Hopkins","May, Samuel",2
"Morris, Robert","Garrison, William Lloyd",1
"Morton, Anne.","Chapman, Maria Weston",1
"Morton, Charlotte A.","Chapman, Maria Weston",1
"Morton, Charlotte A.",Weston,1
"Morton, D.","May, Samuel",1
"Mott, James","Weston, Anne Warren",2
"Mott, Lucretia","Chapman, Maria Weston",9
"Mott, Lucretia","Weston, Anne Warren",2
"Nason, C. C.","Garrison, William Lloyd",1
"Neal, John","Garrison, William Lloyd",1
"Needles, William N.","Garrison, William Lloyd",2
"Neill, John R.","Garrison, William Lloyd",1
"Nell, William C.","Chapman, Maria Weston",4
"New, Herbert","Garrison, William Lloyd",1
"Newman, Francis William","Garrison, William Lloyd",2
"Nichol, Elizabeth Pease","Chapman, Maria Weston",1
"Nichol, Elizabeth Pease","Garrison, William Lloyd",1
"Nichol, Elizabeth Pease","Weston, Anne Warren",1
"Nichol, John","Garrison, William Lloyd",2
"Nichols, R. Anne.","Garrison, William Lloyd",1
"Nichols, W. S.","Garrison, William Lloyd",2
Nicolaus,"Bergame, Nicolas de",1
"Nisbet, Richard.","Sparhawk, John",1
"Norton, Charles Eliot","Garrison, William Lloyd",2
"Norton, John Treadwell","Garrison, William Lloyd",1
"O'Brien, Hannah.","Garrison, William Lloyd",1
"Olds, C. G.","Child, Lydia Maria",1
"Olds, Clarissa G.",Weston,1
"Olds, Clarissa G.","Weston, Anne Warren",1
"Olin, William M.","Garrison, William Lloyd",1
"Orton, J. R.","Phillips, Wendell",1
"Osgood, Abby","Weston, Anne Warren",1
"Osgood, Abby","Weston, Deborah",9
"Otis, A. L.","Chapman, Maria Weston",3
"Ouseley, William Gore","Everett, Edward",1
"Owen, Woodland","Garrison, William Lloyd",1
"Palfrey, John Gorham","May, Samuel",1
"Palmer, Elizabeth L.","Garrison, William Lloyd",2
"Parker, M. E.","Garrison, William Lloyd",2
"Parker, Mary S.","Chapman, Maria Weston",1
"Parker, Mary S.","Weston, Anne Warren",1
"Parkman, John","Chapman, Maria Weston",2
"Parkman, John","May, Samuel",2
"Parkman, John","May, Samuel J.",1
"Parkman, M. J.","Chapman, Maria Weston",1
"Paton, Andrew","Chapman, Maria Weston",3
"Paton, Andrew","Weston, Anne Warren",2
"Paton, Catherine.","Chapman, Maria Weston",10
"Paton, Catherine.","Weston, Anne Warren",1
"Patton, Abby Hutchinson","Garrison, William Lloyd",1
"Payne, H. B.","Garrison, William Lloyd",1
"Peabody, Andrew P.","Wallcut, Robert Folger",1
"Peek, Alanson A.","Garrison, William Lloyd",1
"Phelps, Amos A.","Chapman, Maria Weston",5
"Phelps, Amos A.","Garrison, William Lloyd",2
"Phelps, Amos A.",Weston,1
"Phelps, Amos A.","Weston, Caroline",1
"Philbrick, Anna R.","Weston, Caroline",1
"Philbrick, Samuel","May, Samuel",1
"Phillips, Ann Terry Greene","Chapman, Maria Weston",1
"Phillips, Ann Terry Greene","Garrison, William Lloyd",1
"Phillips, Ann Terry Greene","Weston, Anne Warren",1
"Phillips, Ann Terry Greene","Weston, Deborah",1
"Phillips, Louisa.","Chapman, Maria Weston",2
"Phillips, Mary L.","Chapman, Maria Weston",1
"Phillips, Thomas.","Garrison, William Lloyd",2
"Phillips, Wendell","Chapman, Maria Weston",7
"Phillips, Wendell","Garrison, William Lloyd",2
"Phillips, Wendell","May, Samuel",2
"Phillips, Wendell","Weston, Anne Warren",6
"Phillips, Wendell","Weston, Caroline",1
"Phillips, Wendell","Weston, Deborah",3
"Phillips, William F.","Garrison, William Lloyd",1
"Pillsbury, Parker","Bowditch, Henry I.",1
"Pillsbury, Parker","Chapman, Maria Weston",1
"Pillsbury, Parker","Garrison, William Lloyd",4
"Pillsbury, Parker","Hurnard, James",1
"Pillsbury, Parker","May, Samuel",33
"Pillsbury, Parker","RMay, Samuel",1
"Pillsbury, Sarah H.","Chapman, Maria Weston",1
"Pitkin, John R. G.","Garrison, William Lloyd",1
"Plumer, Richard.","Garrison, William Lloyd",1
"Plumer, William","Phillips, Wendell",1
"Plumly, Benjamin Rush","Garrison, William Lloyd",1
"Plummer, Sarah M.","Weston, Anne Warren",1
"Poole, Elizabeth.","Chapman, Maria Weston",2
"Poole, Sarah.","Chapman, Maria Weston",1
"Porter, Caroline.","Weston, Caroline",3
"Porter, Charles","Garrison, William Lloyd",1
"Porter, John Scott","Haughton, James",1
"Post, Amy.","Garrison, William Lloyd",1
"Potter, Thomas Bayley.","Garrison, William Lloyd",1
"Potter, William J.","Garrison, William Lloyd",2
"Powell, Aaron M.","Garrison, William Lloyd",1
"Powell, Aaron M.","May, Samuel",3
"Powell, William P.","Chapman, Maria Weston",2
"Powell, William P.","Garrison, William Lloyd",1
"Powell, William P.","May, Samuel",1
"Price, Abby H.","May, Samuel",1
"Prigg, Edward.","Phillips, Wendell",1
"Pugh, Sarah","Chapman, Maria Weston",16
"Pugh, Sarah","Garrison, William Lloyd",1
"Pugh, Sarah","May, Samuel",1
"Pugh, Sarah","Weston, Anne Warren",2
"Pugh, Sarah","Weston, Caroline",2
"Putnam, Caroline E.","Chapman, Maria Weston",1
"Putnam, George","May, Samuel",1
"Putnam, George","Stetson, Caleb",1
"Quincy, Edmund","Chapman, Maria Weston",50
"Quincy, Edmund","Garrison, William Lloyd",1
"Quincy, Edmund","Quincy, Edmund",1
"Quincy, Edmund","Weston, Anne Warren",2
"Quincy, Edmund","Weston, Caroline",24
R. C.,"Garrison, William Lloyd",1
"Rae, Robert.","Garrison, William Lloyd",2
"Ramsay, James","Beach, Samuel",1
"Ramsay, James","Garrison, William Lloyd",1
"Ramsay, James","Lofft, Capel",1
"Ramsay, James","Phillips, Wendell",1
"Randolph, Thomas Jefferson","Jefferson, Thomas",1
"Raper, James Hayes.","Garrison, William Lloyd",1
"Rawson, Mary Anne","Garrison, William Lloyd",2
"Remond, Sarah Parker","Chapman, Maria Weston",1
"Remond, Sarah Parker","Garrison, William Lloyd",1
"Ricketson, Daniel","Chapman, Maria Weston",5
"Ricketson, Joseph.","Chapman, Maria Weston",1
"Ricketson, Joseph.","Weston, Anne Warren",1
"Ricketson, Joseph.","Weston, Caroline",2
"Ricketson, Joseph.","Weston, Deborah",27
"Ringwalt, J. E.","Saint-Pierre, Bernardin de",1
"Robbins, L. M.","Chapman, Maria Weston",1
"Robbins, L. M.","Weston, Anne Warren",1
"Roberts, Thomas","Brougham and Vaux, Henry Brougham",1
"Robeson, Andrew","Chapman, Maria Weston",1
"Robeson, Andrew",Weston,4
"Robinson, Emily.","Chapman, Maria Weston",1
"Robinson, Emily.","Weston, Anne Warren",1
"Robson, William","Garrison, William Lloyd",1
Rockport Social Circle.,"Chapman, Maria Weston",1
Rodman,"Weston, Deborah",1
"Rodman, Eliza.","Chapman, Maria Weston",1
"Rodman, Eliza.","Weston, Anne Warren",1
"Rodman, Elizabeth.","Chapman, Maria Weston",1
"Rodman, Samuel.","Chapman, Maria Weston",1
"Rogers, Mary P.","Chapman, Maria Weston",1
"Rolleston, George","Garrison, William Lloyd",1
"Roper, Moses.","Washington, I. H.",1
"Ross, Alexander Milton","Garrison, William Lloyd",1
"Royce, S.","Garrison, William Lloyd",1
"Ruhm, John","Garrison, William Lloyd",1
"Russell, G. R.","Chapman, Maria Weston",2
"Russell, G. R.","Weston, Anne Warren",1
"Russell, George.","Chapman, Maria Weston",2
"Russell, Sarah Parkman Shaw","Russell, Sarah Parkman Shaw",1
"Russell, Thomas","Garrison, William Lloyd",3
"Sanborn, F. B.","Garrison, William Lloyd",4
"Sanderson, J. B.","Garrison, William Lloyd",1
"Sanger, Abner.","Chapman, Maria Weston",2
Sarah.,Weston,1
"Sargent, John T.","Garrison, William Lloyd",3
"Saxon, A.","Garrison, William Lloyd",1
"Schoelcher, Victor","Chapman, Maria Weston",4
"Sedgwick, C. B.","Garrison, William Lloyd",1
"Sedgwick, Theodore","Sedgwick, Henry D.",1
"Sellers, Samuel.","Chapman, Maria Weston",1
"Sewall, Harriet Winslow","Garrison, William Lloyd",2
"Sewall, Louisa M.","Chapman, Maria Weston",1
"Sewall, Samuel E.","Garrison, William Lloyd",5
"Shackleton, Mary.","Weston, Anne Warren",1
"Shaw, Sarah Blake Sturgis","Chapman, Maria Weston",4
"Shaw, William.","Garrison, William Lloyd",1
"Shorey, Cornelia G.","Chapman, Maria Weston",1
"Slack, David B.","Chapman, Maria Weston",1
"Smith, A. T.","Garrison, William Lloyd",1
"Smith, Ann Carroll Fitzhugh","Garrison, William Lloyd",1
"Smith, Elias","Garrison, William Lloyd",1
"Smith, Evelina A. S.","Chapman, Maria Weston",1
"Smith, Evelina A. S.",Weston,1
"Smith, Evelina A. S.","Weston, Anne Warren",2
"Smith, Evelina A. S.","Weston, Caroline",22
"Smith, George.",Clericus,1
"Smith, Gerrit","Garrison, William Lloyd",6
"Smith, Gerrit","Verplanck, Gulian C.",1
"Smith, Gerrit","Whittier, John Greenleaf",1
"Smith, Increase S.","Weston, Caroline",8
"Smith, Isaac.","Holabird, William H.",1
"Smith, John.","Garrison, William Lloyd",1
"Smith, R.","Chapman, Maria Weston",1
"Snodgrass, J. E.","Chapman, Maria Weston",4
"Soul, Joseph.","Garrison, William Lloyd",2
"Spear, Catherine H.","Weston, Caroline",2
"Spear, John Murray","Chapman, Maria Weston",1
"Spear, John Murray","Weston, Anne Warren",1
"Spear, William H.","Weston, Caroline",1
"Spooner, Allen C.","Chapman, Maria Weston",3
"Spooner, Nathaniel B.","Garrison, William Lloyd",1
"Spring, Marcus.","Weston, Anne Warren",1
"Stacy, George W.","Garrison, William Lloyd",4
"Stanton, Elizabeth Cady","Anthony, Susan B.",1
"Stanton, Henry B.","Chapman, Maria Weston",1
"Stearns, Geo. L.","May, Samuel",1
"Stearns, Rachel W.","Chapman, Maria Weston",2
"Stebbins, Catharine A. F.","Chapman, Maria Weston",2
"Stebbins, Giles Badger","Garrison, William Lloyd",1
"Stebbins, Sumner.","Garrison, William Lloyd",1
"Steinthal, S. Alfred.","Garrison, William Lloyd",2
"Steinthal, S. Alfred.","May, Samuel",14
"Stephens, Martha.","May, Samuel",1
"Stetson, Caleb","May, Samuel",4
"Still, William","May, Samuel",4
"Stone, Lucy","Garrison, William Lloyd",4
"Storey, Charles William","Weston, Caroline",1
"Stroud, George M.","Phillips, Wendell",1
"Stuart, Charles","Dennison, C.W.",1
"Stuart, James","Garrison, William Lloyd",2
"Sturge, Esther.","Chapman, Maria Weston",15
"Sturge, Esther.","Weston, Caroline",1
"Sturge, Thomas.","Chapman, Henry Grafton",1
"Sumner, Charles","Garrison, William Lloyd",1
"Sutherland, Harriet Elizabeth Georgiana Leveson-Gower","Garrison, William Lloyd",1
"Tappan, Sarah Salisbury","Garrison, William Lloyd",1
"Taylor, Bayard","Garrison, William Lloyd",1
"Taylor, John.","Garrison, William Lloyd",1
"Taylor, Mentia.","May, Samuel",6
"Thayer, William M.","Garrison, William Lloyd",1
"Thomas, Hannah S.","Chapman, Maria Weston",1
"Thomas, S. W.","Chapman, Maria Weston",1
"Thome, James A.","Kimball, J. Horace",1
"Thompson, George","Chapman, Maria Weston",1
"Thompson, George","Garrison, William Lloyd",11
"Thompson, George","Weaks, I. E. P.",1
"Thompson, George","Weston, Anne Warren",20
"Thompson, T. Perronet","Garrison, William Lloyd",1
"Thoreau, Helen L.","Chapman, Maria Weston",2
"Thoreau, Sophia E.","Chapman, Maria Weston",1
"Tilton, Theodore","Garrison, William Lloyd",5
"Torrey, Charles T.","Garrison, William Lloyd",1
"Torrey, Jesse","Phillips, Wendell",1
"Tourjée, Eben","Garrison, William Lloyd",1
"Townsend, Mira Sharples","Chapman, Maria Weston",1
"Tribe, Anne.","Weston, Anne Warren",1
"Tribe, Fanny N.","Chapman, Maria Weston",1
"Tudor, Frederic","Weston, Deborah",1
"Turgenev, Nikolai","Chapman, Maria Weston",1
"Tweedie, William","Chapman, Maria Weston",1
"Tyler, Moses Coit","Garrison, William Lloyd",1
"Urquhart, Thomas.","Wilberforce, William",1
"Van Rensalaer, Thomas.","Garrison, William Lloyd",1
"Vaux, Roberts","Phillips, Wendell",1
"Vincent, Henry","Garrison, Francis Jackson",1
"Vincent, Henry","Garrison, William Lloyd",3
Virgil.,"Bags, John Dryden",1
W. T. H.,"Garrison, William Lloyd",1
"Wadström, Carl Bernhard",Arrhenius,1
"Wadsworth, George.","Garrison, William Lloyd",1
"Walker, Thomas.","Garrison, William Lloyd",1
"Wallace, William Allen","Garrison, William Lloyd",1
"Wallcut, Robert Folger","May, Samuel",2
"Watson, Mary H.","Chapman, Maria Weston",3
"Webb, Alfred","Garrison, William Lloyd",1
"Webb, Hannah","Chapman, Maria Weston",3
"Webb, Hannah",Weston,1
"Webb, Hannah","Weston, Caroline",1
"Webb, James H.","Garrison, William Lloyd",1
"Webb, Maria.","Chapman, Maria Weston",3
"Webb, Richard Davis","Chapman, Maria Weston",92
"Webb, Richard Davis","Garrison, William Lloyd",2
"Webb, Richard Davis","May, Samuel",13
"Webb, Richard Davis","Webb, Richard Davis",2
"Webb, Richard Davis",Weston,1
"Webb, Richard Davis","Weston, Anne Warren",37
"Webb, Richard Davis","Weston, Caroline",17
"Webb, Richard Davis","Weston, Emma Forbes",2
"Webb, Richard Davis","Weston, Lucia",1
"Webb, Richard.","Weston, Anne Warren",1
"Wells, James M.","Garrison, William Lloyd",1
"Welsh, Mary","Chapman, Maria Weston",13
"Welsh, Mary","Weston, Anne Warren",1
Weston,Weston,1
"Weston, Anne Warren","Ball, Martha V.",1
"Weston, Anne Warren",Bates,1
"Weston, Anne Warren","Chapman, Henry Grafton",1
"Weston, Anne Warren","Chapman, Maria Weston",15
"Weston, Anne Warren","Chapman, Mary Gray",1
"Weston, Anne Warren","Davis, Edward Morris",1
"Weston, Anne Warren","Dicey, Anne Greene Chapman",1
"Weston, Anne Warren","Estlin, J. B.",6
"Weston, Anne Warren","Estlin, Mary Anne",25
"Weston, Anne Warren","Fuller, Margaret",1
"Weston, Anne Warren","Garrison, William Lloyd",22
"Weston, Anne Warren",Gould,1
"Weston, Anne Warren","Grimké, Sarah Moore",1
"Weston, Anne Warren","Hanson, T. R.",1
"Weston, Anne Warren","Humboldt, Alexander von",1
"Weston, Anne Warren","Jackson, Francis",1
"Weston, Anne Warren","Kemble, Fanny",1
"Weston, Anne Warren","Loring, Ellis Gray",1
"Weston, Anne Warren","May, Samuel",23
"Weston, Anne Warren","May, Samuel J.",1
"Weston, Anne Warren","Nichol, Elizabeth Pease",8
"Weston, Anne Warren","Parker, Mary S.",1
"Weston, Anne Warren","Post, Amy",1
"Weston, Anne Warren","Rogers, Nathaniel Peabody",1
"Weston, Anne Warren","Stanton, Henry B.",1
"Weston, Anne Warren","Stowe, Harriet Beecher",1
"Weston, Anne Warren","Thompson, George",1
"Weston, Anne Warren","Weston, Ann Bates",1
"Weston, Anne Warren","Weston, Caroline",26
"Weston, Anne Warren","Weston, Deborah",137
"Weston, Anne Warren","Weston, Emma Forbes",5
"Weston, Anne Warren","Weston, Lucia",10
"Weston, Anne Warren","Weston, Mary",19
"Weston, Anne Warren","Wigham, Eliza",1
"Weston, C. E.","Chapman, Maria Weston",1
"Weston, Caroline","Bourne, George A.",1
"Weston, Caroline","Chapman, Henry Grafton",2
"Weston, Caroline","Chapman, Maria Weston",12
"Weston, Caroline","Chapman, Mary Gray",1
"Weston, Caroline",Essex County Olive Branch Circle,1
"Weston, Caroline","Estlin, Mary Anne",5
"Weston, Caroline","Garrison, Francis Jackson",1
"Weston, Caroline","Garrison, William Lloyd",4
"Weston, Caroline","Hale, John P.",1
"Weston, Caroline","Hamatt, L. R. G.",1
"Weston, Caroline","Jackson, Francis",1
"Weston, Caroline","M'Kim, J. Miller",1
"Weston, Caroline","May, Samuel",6
"Weston, Caroline","Newcomb, Stillman B.",2
"Weston, Caroline","Phillips, Ann Terry Greene",1
"Weston, Caroline","Phillips, Wendell",1
"Weston, Caroline","Weston, Ann Bates",1
"Weston, Caroline","Weston, Anne Warren",11
"Weston, Caroline","Weston, Deborah",47
"Weston, Caroline","Weston, Emma Forbes",2
"Weston, Caroline","Weston, Lucia",2
"Weston, Caroline","Weston, Mary",1
"Weston, Caroline","Weston, Phebe Nash",1
"Weston, Caroline",Worcester,2
"Weston, Caroline",Young,1
"Weston, Deborah","Chapman, Henry Grafton",2
"Weston, Deborah","Chapman, Maria Weston",18
"Weston, Deborah","Dicey, Anne Greene Chapman",2
"Weston, Deborah","Fifield, Noah",1
"Weston, Deborah","Garrison, William Lloyd",2
"Weston, Deborah","May, Samuel",2
"Weston, Deborah",Seabury,1
"Weston, Deborah","Tudor, Frederic",2
"Weston, Deborah","Weston, Ann Bates",3
"Weston, Deborah","Weston, Anne Warren",51
"Weston, Deborah","Weston, Caroline",22
"Weston, Deborah","Weston, Deborah",1
"Weston, Deborah","Weston, Emma Forbes",2
"Weston, Deborah","Weston, Lucia",9
"Weston, Deborah","Weston, Mary",14
"Weston, Deborah","Weston, R. Warren",1
"Weston, E.","May, Samuel",1
"Weston, Emma Forbes","Garrison, William Lloyd",1
"Weston, Emma Forbes","Laugel, Elizabeth Bates Chapman",2
"Weston, Emma Forbes","May, Samuel",1
"Weston, Emma Forbes","Weston, Anne Warren",1
"Weston, Emma Forbes","Weston, Caroline",1
"Weston, Emma Forbes","Weston, Deborah",8
"Weston, Emma Forbes","Weston, Lucia",3
"Weston, G. B.","Chapman, Maria Weston",1
"Weston, Helen.","Weston, Deborah",2
"Weston, Hervey Eliphaz","Weston, Anne Warren",2
"Weston, Hervey Eliphaz","Weston, Caroline",1
"Weston, Hervey Eliphaz","Weston, Deborah",5
"Weston, Lucia","Weston, Anne Warren",7
"Weston, Lucia","Weston, Deborah",27
"Weston, Lucia","Weston, Emma Forbes",2
"Weston, Mary","Weston, Anne Warren",1
"Weston, Mary","Weston, Deborah",13
"Weston, R. Warren","Chapman, Maria Weston",1
"Weston, R. Warren","Weston, Anne Warren",2
"Weston, R. Warren","Weston, Deborah",32
"Weston, R. Warren","Weston, Emma Forbes",1
"Weston, Rosamond.","Weston, Deborah",1
"Weston, S. M.","Weston, Deborah",2
"Whipple, Charles K.","Garrison, William Lloyd",1
"Whipple, Charles K.","May, Samuel",2
"White, George W.","Garrison, William Lloyd",1
"White, Hannah Ely.","Chapman, Maria Weston",1
"White, Richard W.","Bullock, Rufus B.",1
"White, William Abijah","Chapman, Maria Weston",1
"Whitelegge, Rebecca.","Chapman, Maria Weston",2
"Whitelegge, Rebecca.",Weston,1
"Whitelegge, Rebecca.","Weston, Caroline",1
"Whiting, L. R.","Garrison, William Lloyd",1
"Whiting, Louisa Jane.",Weston,1
"Whiting, Nathaniel H.","Garrison, William Lloyd",1
"Whitney, Anne","Garrison, William Lloyd",2
"Whitney, R. P.","Garrison, William Lloyd",1
"Whitson, Thomas","May, Samuel",1
"Whittier, John Greenleaf","Garrison, William Lloyd",2
"Whittier, John Greenleaf","May, Samuel",1
"Whitworth, Robert.","Garrison, William Lloyd",1
"Wiffen, Benjamin B.","Chapman, Maria Weston",1
"Wigham, Eliza","May, Samuel",4
"Wigham, Eliza.","Chapman, Maria Weston",3
"Wigham, Eliza.","Estlin, Mary Anne",1
"Wigham, Eliza.","Garrison, William Lloyd",5
"Wigham, Eliza.","May, Samuel",24
"Wigham, Eliza.","Weston, Anne Warren",6
"Wigham, Eliza.","Wigham, Eliza",1
"Wigham, Jane.","Chapman, Maria Weston",10
"Wigham, Jane.","Garrison, William Lloyd",1
"Wigham, Jane.","May, Samuel",1
"Wigham, Jane.","Weston, Anne Warren",3
"Willard, Emma C.","Chapman, Maria Weston",1
"Williams, William.","Garrison, William Lloyd",1
"Willis, Hamilton.","Garrison, William Lloyd",1
"Wilmarth, Lucinda.","Chapman, Maria Weston",1
"Wilson, Daniel","Denison, Charles Wheeler",1
"Wilson, Henry","Garrison, William Lloyd",1
"Wilson, Henry Joseph","Garrison, William Lloyd",2
"Wilson, Hiram","May, Samuel",1
"Wilson, Shipley W.","Garrison, William Lloyd",1
"Winsmith, J. C.","Garrison, William Lloyd",1
"Wood, A. H.","May, Samuel",1
"Wood, S.","May, Samuel",2
"Woolson, Abba Goold","Garrison, William Lloyd",1
"Wright, Albert J.","Garrison, William Lloyd",1
"Wright, Henry Clarke","Garrison, William Lloyd",7
"Yerrinton, James Brown","Chapman, Maria Weston",1
